{"cameraMode":{"drawMode":0,"name":"Shaded","section":"Shading Mode"},"sceneLighting":true,"audioPlay":false,"sceneViewState":{"m_AlwaysRefresh":false,"showFog":true,"showSkybox":true,"showFlares":true,"showImageEffects":true,"showParticleSystems":true,"showVisualEffectGraphs":true,"m_FxEnabled":true},"in2DMode":false,"pivot":{"x":20.140033721923829,"y":7.956127166748047,"z":2.2404284477233888},"rotation":{"x":0.0034223028924316169,"y":0.6489294767379761,"z":0.0029205556493252517,"w":-0.7608224749565125},"size":3.01462984085083,"orthographic":false}